記事テーマ,クラスター,想定検索意図,推奨導線
山崎を高く売る条件,銘柄・相場,高価買取,山崎買取
山崎12年・18年・25年の査定差,銘柄・相場,年数別相場,山崎買取
響30年の買取相場と査定ポイント,銘柄・相場,高額銘柄,響買取
白州の年数別買取相場,銘柄・相場,年数別相場,白州買取
マッカラン旧ボトルの見分け方,銘柄・相場,希少ボトル,マッカラン買取
終売ウイスキーの価値が上がる理由,銘柄・相場,終売・相場,終売ウイスキー
古いウイスキーは売れるか,銘柄・相場,古酒買取,古酒買取
箱なしウイスキーの査定条件,銘柄・相場,状態不安,状態別FAQ
お酒の買取相場はどう決まるか,銘柄・相場,相場理解,価格・相場
買取価格が変動する理由,銘柄・相場,相場理解,価格・相場
古酒とヴィンテージ酒の違い,古酒・状態,古酒の基礎,古酒買取
オールドボトルの保管と売却判断,古酒・状態,保管不安,古酒買取
液面低下・ラベル傷みの減額要因,古酒・状態,状態不安,状態別FAQ
ブランデーの古酒査定ポイント,古酒・状態,酒種別査定,ブランデー買取
森伊蔵の買取相場と付属品,古酒・状態,焼酎相場,森伊蔵買取
十四代を売る前の確認事項,古酒・状態,日本酒相場,十四代買取
日本酒・焼酎の賞味期限と買取可否,古酒・状態,買取可否,酒種別FAQ
査定員が見る5つの項目,古酒・状態,査定根拠,査定基準
買取実績の見方,古酒・状態,安心材料,買取実績
古酒・レア酒を専門店に任せる理由,古酒・状態,専門性確認,古酒買取
高級ワインを高く売る条件,高級ワイン,高価買取,高級ワイン買取
ワインセラーを一括売却する流れ,高級ワイン,一括整理,ワインセラー買取
ロマネコンティの査定で見る点,高級ワイン,銘柄別査定,ロマネコンティ買取
オーパスワンの年式別価値,高級ワイン,年式別相場,オーパスワン買取
サッシカイアの買取相場,高級ワイン,銘柄別相場,サッシカイア買取
5大シャトーの売却前チェック,高級ワイン,高額売却,高級ワイン買取
シャンパンの買取可否と保管状態,高級ワイン,酒種別査定,シャンパン買取
空き瓶が買取対象になる条件,高級ワイン,空き瓶買取,空き瓶買取
LINE査定で送るべき写真,売却方法・BtoB,LINE査定,LINE査定
店頭持ち込み査定の流れ,売却方法・BtoB,店頭査定,大阪店頭
出張・宅配・店頭の選び方,売却方法・BtoB,方法比較,買取総合
飲食店閉店時の酒在庫整理,売却方法・BtoB,閉店整理,閉店整理LP
法人・酒販店の在庫一括買取,売却方法・BtoB,法人在庫,法人・大量買取LP
遺品のお酒を売る手順,売却方法・BtoB,遺品整理,遺品・コレクション
コレクション整理で失敗しない方法,売却方法・BtoB,コレクション整理,コレクション整理LP
大量買取で必要な情報,売却方法・BtoB,大量買取,法人・大量買取LP
