キーワード,分類,優先度,根拠,推奨受け皿
蔵王リカー,指名,S,Search Console実測,会社・買取総合
ザオウリカー,指名,S,Search Console実測,会社・買取総合
蔵王 お酒買取,指名,S,Search Console実測,買取総合
蔵王 買取,指名,S,Search Console実測,買取総合
蔵王リカー 評判,指名,S,Search Console実測,会社・FAQ
お酒買取,一般,S,Search Console実測,買取総合
酒買取,一般,S,競合調査,買取総合
お酒買取 大阪,一般,S,Search Console実測,大阪店頭
お酒買取 大阪市,一般,A,Search Console実測,大阪店頭
お酒買取 店舗,一般,A,Search Console実測,大阪店頭
お酒買取 持ち込み,一般,S,競合調査,大阪店頭
お酒買取 LINE査定,一般,S,Search Console実測,LINE査定
お酒買取 相場,一般,A,Search Console実測,価格・相場
古酒買取,一般,S,Search Console実測,古酒買取
酒買取 高価,一般,A,競合調査,買取総合
響30年 買取,高額ウイスキー,S,Search Console実測,響価格・実績
響30年 買取相場,高額ウイスキー,S,Search Console実測,響価格・相場
山崎55年 買取,高額ウイスキー,S,Search Console実測,山崎価格・実績
山崎55年 買取価格,高額ウイスキー,S,Search Console実測,山崎価格・実績
山崎 買取,高額ウイスキー,S,競合調査,山崎買取
山崎12年 買取,高額ウイスキー,A,競合調査,山崎買取
山崎18年 買取,高額ウイスキー,A,競合調査,山崎買取
山崎25年 買取,高額ウイスキー,A,競合調査,山崎買取
白州 買取,高額ウイスキー,A,競合調査,白州買取
白州18年 買取,高額ウイスキー,A,競合調査,白州買取
マッカラン 買取,希少ウイスキー,A,競合調査,マッカラン買取
マッカラン18年 買取,希少ウイスキー,A,競合調査,マッカラン買取
マッカラン 1983,希少ウイスキー,A,Search Console実測,マッカラン買取
イチローズモルト 買取,希少ウイスキー,A,競合調査,銘柄別買取
余市 買取,希少ウイスキー,A,競合調査,銘柄別買取
竹鶴 買取,希少ウイスキー,A,競合調査,銘柄別買取
軽井沢 買取,希少ウイスキー,A,競合調査,古酒・銘柄別
終売ウイスキー 買取,希少ウイスキー,A,Search Console実測,終売ウイスキー
古いウイスキー 買取,希少ウイスキー,A,競合調査,古酒買取
箱なし ウイスキー 買取,希少ウイスキー,A,競合調査,状態別FAQ
高級ワイン 買取,高額ワイン,S,競合調査,高級ワイン
ワインセラー 買取,高額ワイン,S,Search Console実測,ワインセラー
ワイン 一括買取,高額ワイン,A,競合調査,ワインセラー
ロマネコンティ 買取,高額ワイン,A,Search Console実測,銘柄別買取
サッシカイア 買取,高額ワイン,A,Search Console実測,銘柄別買取
オーパスワン 買取,高額ワイン,A,競合調査,銘柄別買取
5大シャトー 買取,高額ワイン,A,競合調査,高級ワイン
シャンパン 買取,高額ワイン,A,競合調査,シャンパン買取
ドンペリ 買取,高額ワイン,A,競合調査,銘柄別買取
空き瓶 買取,高額ワイン,A,Search Console実測,空き瓶買取
法人 酒買取,BtoB検証,A,議事録仮説,法人・大量買取
酒 在庫処分,BtoB検証,A,議事録仮説,法人・大量買取
飲食店 閉店 酒 買取,BtoB検証,A,議事録仮説,閉店整理
酒販店 在庫買取,BtoB検証,A,議事録仮説,法人・大量買取
店舗整理 酒買取,BtoB検証,A,議事録仮説,閉店整理
大量 酒買取,BtoB検証,A,議事録仮説,法人・大量買取
ワインセラー 一括買取,BtoB検証,A,議事録仮説,ワインセラー
出張 酒買取,BtoB検証,A,議事録仮説,出張買取
大阪 酒持ち込み,BtoB検証,A,議事録仮説,大阪店頭
遺品 酒買取,BtoB検証,A,議事録仮説,遺品・コレクション
